<?xml version="1.0" encoding="UTF-8"?>
<project-private xmlns="http://www.netbeans.org/ns/project-private/1">
    <editor-bookmarks xmlns="http://www.netbeans.org/ns/editor-bookmarks/2" lastBookmarkId="0"/>
    <open-files xmlns="http://www.netbeans.org/ns/projectui-open-files/2">
        <group>
            <file>file:/C:/Users/user/Documents/NetBeansProjects/JavaApplication1/JavaApplication1/src/MailUI.java</file>
            <file>file:/C:/Users/user/Documents/NetBeansProjects/JavaApplication1/JavaApplication1/src/MailService.java</file>
            <file>file:/C:/Users/user/Documents/NetBeansProjects/JavaApplication1/JavaApplication1/src/MailBean.java</file>
            <file>file:/C:/Users/user/Documents/NetBeansProjects/JavaApplication1/JavaApplication1/build.xml</file>
            <file>file:/C:/Users/user/Documents/NetBeansProjects/JavaApplication1/JavaApplication1/src/ExcelService.java</file>
            <file>file:/C:/Users/user/Documents/NetBeansProjects/JavaApplication1/JavaApplication1/src/MailApplication.java</file>
        </group>
    </open-files>
</project-private>
